admin_id,f_name,l_name,phone,email,role_id
A00001,Mehul,Dhawan,+91744246572,mehul.dhawan@gmail.com,R24001
A00002,Chirag,Kapur,+915044272321,chirag.kapur@gmail.com,R24002
A00003,Kiaan,Savant,+915424159850,kiaan.savant@gmail.com,R24003
A00004,Badal,Bobal,+919655821111,badal.bobal@gmail.com,R24004
A00005,Veer,Kadakia,+913591545718,veer.kadakia@gmail.com,R24005
A00006,Seher,Sahni,+916082779433,seher.sahni@gmail.com,R24006
A00007,Rania,Dhaliwal,+917287248709,rania.dhaliwal@gmail.com,R24007
